INSERT INTO `users_user` (`id`, `password`, `last_login`, `is_superuser`, `username`, `first_name`, `last_name`, `email`, `is_staff`, `is_active`, `date_joined`, `name`, `title`, `education`, `institution`, `avatar_url`, `bio`, `research_fields`) VALUES
(1, 'pbkdf2_sha256$1000000$4of9JQXIq9t1SkBXRpL66C$ej2/0fjoKulCOlzqz7rMmBATmYRWAjJlmO60O+DD6wc=', '2025-06-25 10:00:00', 1, 'admin', '', '', 'admin@paperwing.com', 1, 1, '2025-06-25 10:00:00', 'Admin', '系统管理员', 'N/A', 'PaperWing 公司', 'https://i.pravatar.cc/150?u=admin', '系统管理员账户', '系统管理'),
(2, 'pbkdf2_sha256$1000000$4of9JQXIq9t1SkBXRpL66C$ej2/0fjoKulCOlzqz7rMmBATmYRWAjJlmO60O+DD6wc=', '2025-06-25 10:00:00', 0, 'chen_li', '', '', 'chen.li@pku.edu.cn', 0, 1, '2025-06-25 10:00:00', '陈力', '教授', 'PhD', '北京大学', 'https://i.pravatar.cc/150?u=chen_li', '专注于深度学习在图像识别中的应用。', '机器学习,计算机视觉,人工智能'),
(3, 'pbkdf2_sha256$1000000$4of9JQXIq9t1SkBXRpL66C$ej2/0fjoKulCOlzqz7rMmBATmYRWAjJlmO60O+DD6wc=', '2025-06-25 10:00:00', 0, 'zhang_wei', '', '', 'zhang.wei@tsinghua.edu.cn', 0, 1, '2025-06-25 10:00:00', '张伟', '副教授', 'PhD', '清华大学', 'https://i.pravatar.cc/150?u=zhang_wei', '从事量子信息与量子计算理论研究。', '量子计算,物理学'),
(4, 'pbkdf2_sha256$1000000$4of9JQXIq9t1SkBXRpL66C$ej2/0fjoKulCOlzqz7rMmBATmYRWAjJlmO60O+DD6wc=', '2025-06-25 10:00:00', 0, 'lisa_wong', '', '', 'lisa.wong@fudan.edu.cn', 0, 1, '2025-06-25 10:00:00', 'Lisa Wong', '博士生', 'Master', '复旦大学', 'https://i.pravatar.cc/150?u=lisa_wong', '研究方向为利用人工智能进行基因序列分析。', '生物信息学,基因组学,人工智能'),
(5, 'pbkdf2_sha256$1000000$4of9JQXIq9t1SkBXRpL66C$ej2/0fjoKulCOlzqz7rMmBATmYRWAjJlmO60O+DD6wc=', '2025-06-25 10:00:00', 0, 'david_green', '', '', 'david.green@sjtu.edu.cn', 0, 1, '2025-06-25 10:00:00', 'David Green', '博士后', 'PhD', '上海交通大学', 'https://i.pravatar.cc/150?u=david_green', '新型纳米材料的合成与表征。', '材料科学,纳米技术'),
(6, 'pbkdf2_sha256$1000000$4of9JQXIq9t1SkBXRpL66C$ej2/0fjoKulCOlzqz7rMmBATmYRWAjJlmO60O+DD6wc=', '2025-06-25 10:00:00', 0, 'emily_jones', '', '', 'emily.jones@zju.edu.cn', 0, 1, '2025-06-25 10:00:00', 'Emily Jones', '助理教授', 'PhD', '浙江大学', 'https://i.pravatar.cc/150?u=emily_jones', '致力于大语言模型和人机对话系统。', '自然语言处理,人工智能'),
(7, 'pbkdf2_sha256$1000000$4of9JQXIq9t1SkBXRpL66C$ej2/0fjoKulCOlzqz7rMmBATmYRWAjJlmO60O+DD6wc=', '2025-06-25 10:00:00', 0, 'robert_brown', '', '', 'robert.brown@ustc.edu.cn', 0, 1, '2025-06-25 10:00:00', 'Robert Brown', '教授', 'PhD', '中国科学技术大学', 'https://i.pravatar.cc/150?u=robert_brown', '宇宙学模型与暗物质探测研究。', '天体物理学,宇宙学'),
(8, 'pbkdf2_sha256$1000000$4of9JQXIq9t1SkBXRpL66C$ej2/0fjoKulCOlzqz7rMmBATmYRWAjJlmO60O+DD6wc=', '2025-06-25 10:00:00', 0, 'maria_garcia', '', '', 'maria.garcia@nju.edu.cn', 0, 1, '2025-06-25 10:00:00', 'Maria Garcia', '博士生', 'Master', '南京大学', 'https://i.pravatar.cc/150?u=maria_garcia', '机器人视觉导航与三维重建。', '计算机视觉,机器人学'),
(9, 'pbkdf2_sha256$1000000$4of9JQXIq9t1SkBXRpL66C$ej2/0fjoKulCOlzqz7rMmBATmYRWAjJlmO60O+DD6wc=', '2025-06-25 10:00:00', 0, 'wang_fang', '', '', 'wang.fang@whu.edu.cn', 0, 1, '2025-06-25 10:00:00', '王芳', '副教授', 'PhD', '武汉大学', 'https://i.pravatar.cc/150?u=wang_fang', '遥感数据处理与地理信息系统应用。', '遥感,地理信息系统'),
(10, 'pbkdf2_sha256$1000000$4of9JQXIq9t1SkBXRpL66C$ej2/0fjoKulCOlzqz7rMmBATmYRWAjJlmO60O+DD6wc=', '2025-06-25 10:00:00', 0, 'kevin_smith', '', '', 'kevin.smith@xjtlu.edu.cn', 0, 1, '2025-06-25 10:00:00', 'Kevin Smith', '讲师', 'PhD', '西交利物浦大学', 'https://i.pravatar.cc/150?u=kevin_smith', '专注于数据挖掘与推荐系统算法。', '机器学习,数据挖掘');

-- =================================================================
-- 步骤 1: 插入核心成果数据 (publications_publication) -- 已修正 created_by_id
-- =================================================================
INSERT INTO `publications_publication` (`pub_id`, `title`, `type`, `authors`, `journal`, `volume`, `issue`, `year`, `abstract`, `keywords`, `external_url`, `local_file_path`, `created_by_id`, `created_at`, `research_fields`) VALUES
(1, '深度残差网络在图像识别中的应用探索', '期刊文章', '陈力, Emily Jones, 李晓明', '计算机学报', '45', '3', 2023, '本文深入研究了深度残差网络（ResNet）的结构，并探讨了其在解决大规模图像分类问题中的梯度消失问题。通过在ImageNet数据集上的实验，验证了其有效性。', '深度学习,图像识别,ResNet,计算机视觉', 'https://example.com/pub1', '/uploads/resnet_paper.pdf', 2, '2023-03-15 10:00:00', '机器学习,计算机视觉,人工智能'),
(2, '基于Transformer的中文自然语言生成模型', '会议论文', 'Emily Jones, 陈力, 王磊', 'ACL 2023', NULL, NULL, 2023, '提出了一种针对中文特性的Transformer改进模型，在文本摘要和诗歌生成任务上取得了领先效果。', '自然语言处理,Transformer,文本生成,人工智能', 'https://example.com/pub2', '/uploads/transformer_paper.pdf', 6, '2023-07-20 11:00:00', '自然语言处理,人工智能'),
(3, '一种新型拓扑量子比特的相干性研究', '期刊文章', '张伟, 赵振华', '物理评论快报', '130', '12', 2022, '本文设计并实现了一种新型的拓扑量子比特，实验测量了其相干时间，并与现有方案进行了比较，展示了其在容错量子计算中的潜力。', '量子计算,拓扑量子比特,量子相干性', 'https://example.com/pub3', '/uploads/quantum_paper.pdf', 3, '2022-11-05 14:00:00', '量子计算,物理学'),
(4, '利用CRISPR-Cas9技术进行基因编辑的生物信息学分析', '期刊文章', 'Lisa Wong, 陈力, Sarah Miller', 'Nature Biotechnology', '41', '8', 2024, '本文开发了一套生物信息学流程，用于预测CRISPR-Cas9基因编辑的脱靶效应，并通过高通量测序数据进行了验证。', '生物信息学,基因编辑,CRISPR,基因组学', 'https://example.com/pub4', '/uploads/bioinfo_paper.pdf', 4, '2024-01-25 09:00:00', '生物信息学,基因组学,人工智能'),
(5, '石墨烯基纳米复合材料的制备及其在储能领域的应用', '期刊文章', 'David Green, 刘洋', '先进材料', '35', '15', 2023, '通过一种新颖的自组装方法，成功制备了石墨烯基纳米复合材料，并测试了其作为超级电容器电极的性能，结果显示出极高的能量密度和功率密度。', '材料科学,纳米技术,石墨烯,储能', 'https://example.com/pub5', '/uploads/material_paper.pdf', 5, '2023-05-10 16:00:00', '材料科学,纳米技术'),
(6, '通过引力透镜效应探测早期宇宙的暗物质分布', '期刊文章', 'Robert Brown, 张伟', '天体物理学杂志', '950', '2', 2023, '利用哈勃太空望远镜的观测数据，通过分析遥远星系的引力透镜效应，我们绘制了早期宇宙中暗物质的分布图，为冷暗物质模型提供了新的证据。', '天体物理学,宇宙学,暗物质,引力透镜', 'https://example.com/pub6', '/uploads/astro_paper.pdf', 7, '2023-09-01 18:00:00', '天体物理学,宇宙学'),
(7, '面向自主机器人的实时三维场景重建与理解', '会议论文', 'Maria Garcia, 陈力', 'ICRA 2024', NULL, NULL, 2024, '本文提出了一种基于单目视觉的实时三维重建系统（SLAM），并结合深度学习进行场景语义理解，使机器人能够在未知环境中进行高效导航。', '机器人学,计算机视觉,SLAM,三维重建', 'https://example.com/pub7', '/uploads/robotics_paper.pdf', 8, '2024-02-11 11:30:00', '计算机视觉,机器人学'),
(8, '基于多源遥感数据融合的城市土地利用分类研究', '期刊文章', '王芳, 李静', '遥感学报', '27', '4', 2023, '本文提出了一种融合高分辨率光学影像和LiDAR数据的深度学习模型，显著提高了城市土地利用分类的精度。', '遥感,地理信息系统,数据融合,深度学习', 'https://example.com/pub8', '/uploads/gis_paper.pdf', 9, '2023-04-22 13:00:00', '遥感,地理信息系统'),
(9, '基于协同过滤的学术论文推荐系统', '会议论文', 'Kevin Smith, 陈力', 'RecSys 2022', NULL, NULL, 2022, '设计并实现了一个混合协同过滤算法，结合用户阅读历史和论文内容，为科研人员提供个性化的论文推荐。', '推荐系统,协同过滤,数据挖掘,机器学习', 'https://example.com/pub9', '/uploads/recsys_paper.pdf', 10, '2022-09-30 10:00:00', '机器学习,数据挖掘'),
(10, 'Attention机制在计算机视觉中的应用综述', '期刊文章', '陈力, Emily Jones', '软件学报', '34', '1', 2023, '系统性地回顾了注意力机制在计算机视觉各个子领域的应用，包括图像分类、目标检测和图像生成，并展望了未来的发展方向。', '注意力机制,计算机视觉,综述,深度学习', 'https://example.com/pub10', '/uploads/attention_review.pdf', 2, '2023-01-10 09:00:00', '机器学习,计算机视觉,人工智能'),
(11, '大语言模型中的知识注入与对齐技术', '会议论文', 'Emily Jones', 'EMNLP 2024', NULL, NULL, 2024, '本文研究如何将外部知识库中的结构化知识注入到大语言模型中，并提出一种新的对齐算法以减少模型产生幻觉的现象。', '自然语言处理,大语言模型,知识图谱,人工智能', 'https://example.com/pub11', '/uploads/llm_knowledge.pdf', 6, '2024-03-01 15:00:00', '自然语言处理,人工智能'),
(12, '单细胞RNA测序数据降维与聚类算法比较研究', '期刊文章', 'Lisa Wong', '生物信息学报', '21', '2', 2023, '对当前主流的单细胞RNA测序数据分析方法（如t-SNE, UMAP）进行了全面的比较，为研究人员选择合适的工具提供了指导。', '生物信息学,单细胞测序,降维,聚类', 'https://example.com/pub12', '/uploads/scrna_paper.pdf', 4, '2023-06-18 14:00:00', '生物信息学,基因组学'),
(13, '基于超导电路的量子纠错码实验实现', '期刊文章', '张伟', 'Nature Physics', '19', '5', 2023, '在超导量子芯片上首次实验实现了表面码（Surface Code）的一个最小逻辑单元，并验证了其纠错能力。', '量子计算,量子纠错,超导电路,物理学', 'https://example.com/pub13', '/uploads/qec_paper.pdf', 3, '2023-05-20 11:00:00', '量子计算,物理学'),
(14, '高熵合金的微观结构与力学性能的第一性原理计算', '期刊文章', 'David Green', 'Acta Materialia', '240', NULL, 2022, '利用密度泛函理论（DFT）计算了多种高熵合金的相稳定性和弹性模量，为新型结构材料的设计提供了理论依据。', '材料科学,第一性原理,高熵合金,计算材料学', 'https://example.com/pub14', '/uploads/hea_paper.pdf', 5, '2022-12-10 17:00:00', '材料科学,纳米技术'),
(15, '中子星合并过程的数值相对论模拟', '期刊文章', 'Robert Brown', '物理评论D', '108', '4', 2023, '通过求解爱因斯坦场方程，对双中子星合并过程进行了三维数值模拟，预测了其产生的引力波和电磁对应体信号。', '天体物理学,引力波,中子星,数值相对论', 'https://example.com/pub15', '/uploads/neutronstar_paper.pdf', 7, '2023-08-17 12:00:00', '天体物理学,宇宙学');

-- =================================================================
-- 步骤 2: 插入规范化的关键词数据 (publications_publicationkeyword)
-- =================================================================
INSERT INTO `publications_publicationkeyword` (`pub_id`, `keyword`) VALUES
(1, '深度学习'), (1, '图像识别'), (1, 'ResNet'), (1, '计算机视觉'),
(2, '自然语言处理'), (2, 'Transformer'), (2, '文本生成'), (2, '人工智能'),
(3, '量子计算'), (3, '拓扑量子比特'), (3, '量子相干性'),
(4, '生物信息学'), (4, '基因编辑'), (4, 'CRISPR'), (4, '基因组学'),
(5, '材料科学'), (5, '纳米技术'), (5, '石墨烯'), (5, '储能'),
(6, '天体物理学'), (6, '宇宙学'), (6, '暗物质'), (6, '引力透镜'),
(7, '机器人学'), (7, '计算机视觉'), (7, 'SLAM'), (7, '三维重建'),
(8, '遥感'), (8, '地理信息系统'), (8, '数据融合'), (8, '深度学习'),
(9, '推荐系统'), (9, '协同过滤'), (9, '数据挖掘'), (9, '机器学习'),
(10, '注意力机制'), (10, '计算机视觉'), (10, '综述'), (10, '深度学习'),
(11, '自然语言处理'), (11, '大语言模型'), (11, '知识图谱'), (11, '人工智能'),
(12, '生物信息学'), (12, '单细胞测序'), (12, '降维'), (12, '聚类'),
(13, '量子计算'), (13, '量子纠错'), (13, '超导电路'), (13, '物理学'),
(14, '材料科学'), (14, '第一性原理'), (14, '高熵合金'), (14, '计算材料学'),
(15, '天体物理学'), (15, '引力波'), (15, '中子星'), (15, '数值相对论');

-- =================================================================
-- 步骤 3: 插入用户关注关系 (users_userfollow) -- 已修正 follower_id, followee_id
-- =================================================================
INSERT INTO `users_userfollow` (`followed_at`, `follower_id`, `followee_id`) VALUES
('2024-01-01 10:00:00', 2, 6), -- 陈力 关注 Emily Jones
('2024-01-01 10:01:00', 6, 2), -- Emily Jones 关注 陈力
('2024-02-01 11:00:00', 4, 2), -- Lisa Wong (学生) 关注 陈力 (教授)
('2024-02-02 12:00:00', 8, 2), -- Maria Garcia (学生) 关注 陈力 (教授)
('2024-03-01 13:00:00', 10, 2), -- Kevin Smith (数据挖掘) 关注 陈力 (机器学习)
('2024-01-15 14:00:00', 3, 7), -- 张伟 (量子) 关注 Robert Brown (天文)
('2024-01-16 15:00:00', 7, 3); -- Robert Brown 关注 张伟

-- =================================================================
-- 步骤 4: 插入成果点赞数据 (publications_publicationlike) -- 已修正 user_id
-- =================================================================
INSERT INTO `publications_publicationlike` (`user_id`, `pub_id`, `liked_at`) VALUES
(2, 2, '2023-08-01 10:00:00'), -- 陈力 点赞 Emily Jones 的论文
(6, 1, '2023-04-01 11:00:00'), -- Emily Jones 点赞 陈力 的论文
(4, 1, '2023-04-02 12:00:00'), -- Lisa Wong 点赞 陈力 的论文
(4, 10, '2023-04-03 13:00:00'),-- Lisa Wong 点赞 陈力 的综述
(3, 6, '2023-09-05 14:00:00'), -- 张伟 点赞 Robert Brown 的论文
(7, 3, '2022-11-10 15:00:00'), -- Robert Brown 点赞 张伟 的论文
(10, 1, '2023-05-01 16:00:00'), -- Kevin Smith 点赞 机器学习论文
(5, 14, '2023-01-01 17:00:00');-- David Green 点赞自己的领域论文

-- =================================================================
-- 步骤 5: 插入成果与平台内作者的关联数据 (publications_publicationuser) -- 已修正 user_id
-- =================================================================
INSERT INTO `publications_publicationuser` (`pub_id`, `user_id`) VALUES
(1, 2), -- 成果1的作者 '陈力' 是平台用户
(1, 6), -- 成果1的作者 'Emily Jones' 是平台用户
(2, 2), -- 成果2的作者 '陈力' 是平台用户
(2, 6), -- 成果2的作者 'Emily Jones' 是平台用户
(3, 3), -- 成果3的作者 '张伟' 是平台用户
(4, 2), -- 成果4的作者 '陈力' 是平台用户
(4, 4), -- 成果4的作者 'Lisa Wong' 是平台用户
(5, 5), -- 成果5的作者 'David Green' 是平台用户
(6, 3), -- 成果6的作者 '张伟' 是平台用户
(6, 7), -- 成果6的作者 'Robert Brown' 是平台用户
(7, 2), -- 成果7的作者 '陈力' 是平台用户
(7, 8), -- 成果7的作者 'Maria Garcia' 是平台用户
(8, 9), -- 成果8的作者 '王芳' 是平台用户
(9, 2), -- 成果9的作者 '陈力' 是平台用户
(9, 10), -- 成果9的作者 'Kevin Smith' 是平台用户
(10, 2),-- 成果10的作者 '陈力' 是平台用户
(10, 6),-- 成果10的作者 'Emily Jones' 是平台用户
(11, 6),-- 成果11的作者 'Emily Jones' 是平台用户
(12, 4),-- 成果12的作者 'Lisa Wong' 是平台用户
(13, 3),-- 成果13的作者 '张伟' 是平台用户
(14, 5),-- 成果14的作者 'David Green' 是平台用户
(15, 7);-- 成果15的作者 'Robert Brown' 是平台用户

-- =================================================================
-- 步骤 6: 插入成果评论数据 (publications_publicationcomment) -- 已修正 user_id
-- =================================================================
INSERT INTO `publications_publicationcomment` (`pub_id`, `user_id`, `content`, `created_at`) VALUES
(1, 4, '陈教授您好，非常棒的工作！请问您在实验中使用的ResNet具体是哪个变体？比如ResNet-50还是ResNet-101？', '2023-04-20 10:00:00'),
(1, 2, '回复 @Lisa Wong: 感谢关注！我们主要使用的是ResNet-50，并在其基础上做了一些微调。', '2023-04-20 11:00:00'),
(6, 3, '非常有趣的发现！请问你们的暗物质分布模型是否考虑了中微子的影响？', '2023-09-10 14:00:00');

-- =================================================================
-- 步骤 7: 插入用户阅读历史 (publications_readinghistory) -- 已修正 user_id
-- =================================================================
INSERT INTO `publications_readinghistory` (`user_id`, `pub_id`, `read_time`) VALUES
(2, 1, '2024-05-01 10:00:00'), (2, 2, '2024-05-02 11:00:00'), (2, 7, '2024-05-03 12:00:00'), (2, 9, '2024-05-04 13:00:00'), (2, 10, '2024-05-05 14:00:00'),
(6, 1, '2024-05-01 15:00:00'), (6, 2, '2024-05-02 16:00:00'), (6, 10, '2024-05-03 17:00:00'), (6, 11, '2024-05-04 18:00:00'),
(3, 3, '2024-04-01 10:00:00'), (3, 6, '2024-04-02 11:00:00'), (3, 13, '2024-04-03 12:00:00'), (3, 15, '2024-04-04 13:00:00'),
(4, 1, '2024-03-01 14:00:00'), (4, 4, '2024-03-02 15:00:00'), (4, 12, '2024-03-03 16:00:00');

-- =================================================================
-- 步骤 8: 创建讨论单元 (项目和论坛) - discussions_conversation -- 已修正 initiator_id
-- =================================================================
INSERT INTO `discussions_conversation` (`conversation_id`, `title`, `initiator_id`, `type`, `created_at`, `research_fields`, `abstract`) VALUES
(1, '下一代计算机视觉模型研究', 2, 'project', '2024-01-10 09:00:00', '计算机视觉,人工智能,深度学习', '本项目旨在探索超越现有CNN和Transformer架构的新型视觉模型，专注于提高效率和泛化能力。'),
(2, '量子纠错码的实验实现与优化', 3, 'project', '2024-02-05 14:00:00', '量子计算,物理学', '本项目致力于在超导量子芯片上实现并优化表面码，提高逻辑量子比特的保真度。'),
(3, '如何入门大语言模型（LLM）的研究？', 4, 'forum', '2024-03-01 10:00:00', '自然语言处理,人工智能', '我是一名生物信息学方向的博士生，近期对LLM非常感兴趣，希望各位前辈能指点一下入门路径、必读论文和常用工具，谢谢！'),
(4, '寻找材料科学领域的博士后合作者', 5, 'forum', '2024-04-15 11:00:00', '材料科学,纳米技术', '我的课题组正在进行高熵合金的第一性原理计算研究，现招募一名有相关背景的博士后研究员，有意者请私信联系。');

-- =================================================================
-- 步骤 9: 添加讨论的参与者 - discussions_conversationparticipant -- 已修正 user_id
-- =================================================================
INSERT INTO `discussions_conversationparticipant` (`conversation_id`, `user_id`, `status`, `joined_at`) VALUES
-- 项目1: 下一代CV模型
(1, 2, 'admin', '2024-01-10 09:00:00'),    -- 发起人 陈力 是管理员
(1, 6, 'approved', '2024-01-12 10:00:00'), -- Emily Jones 被邀请后同意加入
(1, 8, 'invited', '2024-01-11 09:30:00'),   -- Maria Garcia 被邀请，等待同意
(1, 10, 'pending', '2024-01-15 14:00:00'),  -- Kevin Smith 主动申请，待批准
-- 项目2: 量子纠错
(2, 3, 'admin', '2024-02-05 14:00:00'),    -- 发起人 张伟 是管理员
(2, 7, 'approved', '2024-02-06 15:00:00'), -- Robert Brown 作为合作者加入
-- 论坛帖子发起人也是参与者
(3, 4, 'admin', '2024-03-01 10:00:00'),
(4, 5, 'admin', '2024-04-15 11:00:00');

-- =================================================================
-- 步骤 10: 添加讨论的关注者 - discussions_conversationfollow -- 已修正 user_id
-- =================================================================
INSERT INTO `discussions_conversationfollow` (`user_id`, `conversation_id`, `followed_at`) VALUES
-- 项目1的参与者都关注该项目
(2, 1, '2024-01-10 09:01:00'),
(6, 1, '2024-01-12 10:01:00'),
-- 项目2的参与者都关注该项目
(3, 2, '2024-02-05 14:01:00'),
(7, 2, '2024-02-06 15:01:00'),
-- 对LLM论坛感兴趣的用户
(4, 3, '2024-03-01 10:01:00'), -- 发帖人自己
(6, 3, '2024-03-01 11:00:00'), -- Emily Jones (NLP专家) 关注了这个问题
(2, 3, '2024-03-01 12:00:00'); -- 陈力 (AI专家) 也关注了
